"_Outcome","_Years","_ZIP","Age group","Age-adjusted rate per 10,000","Note","ZCTA5CE20","CLASSFP20","MTFCC20","FUNCSTAT20","ALAND20","AWATER20","INTPTLAT20","INTPTLON20","value_cat","X","NAME","total_popE","total_popM","whiteE","whiteM","blackE","blackM","asianE","asianM","hispanicE","hispanicM","povertyE","povertyM","median_incomeE","median_incomeM","num_plants","near_plant"
"ED visits","2017-2021",55455,"All ages",0.1,"Unstable rate due to small case count","55455","B5","G6350","S",1393824,263179,"+44.9754866","-093.2353365","0-15",19041,"ZCTA5 55455",5749,598,4309,480,86,66,852,198,283,132,0,13,NA,NA,2,TRUE
"ED visits","2017-2021",55386,"All ages",5,"Unstable rate due to small case count","55386","B5","G6350","S",16564847,2793563,"+44.8566443","-093.6641385","0-15",18981,"ZCTA5 55386",9391,286,8416,500,264,332,445,256,167,134,163,123,165591,10669,NA,FALSE
"ED visits","2017-2021",55054,"All ages",5.4,"Unstable rate due to small case count","55054","B5","G6350","S",2651828,0,"+44.5715021","-093.3509209","0-15",18845,"ZCTA5 55054",2442,349,2034,426,154,174,50,68,16,26,0,9,140579,20324,NA,FALSE
"ED visits","2017-2021",55424,"All ages",6.4,NA,"55424","B5","G6350","S",6245027,185065,"+44.9050241","-093.3448654","0-15",19014,"ZCTA5 55424",10712,840,9627,628,9,11,384,264,182,99,193,98,206038,28837,NA,FALSE
"ED visits","2017-2021",55001,"All ages",7,"Unstable rate due to small case count","55001","B5","G6350","S",69969309,2562993,"+44.8987758","-092.8191076","0-15",18804,"ZCTA5 55001",2960,27,2795,85,23,23,33,31,22,27,179,88,114867,17812,NA,FALSE
"ED visits","2017-2021",55047,"All ages",7.2,"Unstable rate due to small case count","55047","B5","G6350","S",75722805,15185623,"+45.2004287","-092.8207289","0-15",18840,"ZCTA5 55047",2293,391,2114,345,0,9,27,51,3,7,107,71,98864,23460,NA,FALSE
"ED visits","2017-2021",55327,"All ages",7.7,"Unstable rate due to small case count","55327","B5","G6350","S",45505114,4074862,"+45.2043151","-093.4687615","0-15",18929,"ZCTA5 55327",4706,410,4092,463,113,141,315,358,43,59,136,88,119986,29255,NA,FALSE
"ED visits","2017-2021",55391,"All ages",8,NA,"55391","B5","G6350","S",42787014,26587997,"+44.9642426","-093.5434357","0-15",18986,"ZCTA5 55391",15621,800,14436,782,106,93,632,530,250,160,704,242,131068,13033,1,TRUE
"ED visits","2017-2021",55317,"All ages",8.4,NA,"55317","B5","G6350","S",34053433,3172842,"+44.8567105","-093.5505668","0-15",18921,"ZCTA5 55317",21773,362,18775,607,321,249,1480,349,704,240,768,288,118598,7405,NA,FALSE
"ED visits","2017-2021",55331,"All ages",8.9,NA,"55331","B5","G6350","S",42260644,25167871,"+44.9012538","-093.6099531","0-15",18933,"ZCTA5 55331",19317,784,18139,797,93,98,304,157,555,247,766,272,144697,10148,1,TRUE
"ED visits","2017-2021",55315,"All ages",9.1,NA,"55315","B5","G6350","S",71076871,2326249,"+44.7144427","-093.6918586","0-15",18919,"ZCTA5 55315",6644,175,6039,292,53,48,202,138,174,109,97,76,116319,8582,NA,FALSE
"ED visits","2017-2021",55073,"All ages",9.5,"Unstable rate due to small case count","55073","B5","G6350","S",72558450,3798820,"+45.2762622","-092.8303530","0-15",18858,"ZCTA5 55073",3824,564,3733,564,0,9,0,9,65,46,42,36,119188,23012,NA,FALSE
"ED visits","2017-2021",55357,"All ages",9.5,"Unstable rate due to small case count","55357","B5","G6350","S",50548499,1892256,"+45.1037223","-093.6742182","0-15",18957,"ZCTA5 55357",3344,340,3269,350,21,25,19,24,54,66,167,163,130871,9199,1,TRUE
"ED visits","2017-2021",55038,"All ages",9.9,NA,"55038","B5","G6350","S",130783572,11331964,"+45.1733898","-092.9811809","0-15",18832,"ZCTA5 55038",23143,517,21207,765,332,268,857,310,641,306,447,184,113509,11384,NA,FALSE
"ED visits","2017-2021",55387,"All ages",9.9,NA,"55387","B5","G6350","S",81692952,19088549,"+44.8612225","-093.7840340","0-15",18982,"ZCTA5 55387",14157,224,13437,337,238,178,0,15,456,231,537,217,96210,11536,NA,FALSE
"ED visits","2017-2021",55340,"All ages",10,NA,"55340","B5","G6350","S",92304953,1664354,"+45.0782631","-093.5721177","0-15",18942,"ZCTA5 55340",9117,596,7471,644,236,281,1142,349,73,86,242,192,166953,19130,1,TRUE
"ED visits","2017-2021",55347,"All ages",10,NA,"55347","B5","G6350","S",43674943,4603836,"+44.8279856","-093.4623820","0-15",18949,"ZCTA5 55347",30833,1107,24453,1296,651,352,4220,753,1120,408,622,375,148322,12487,1,TRUE
"ED visits","2017-2021",55388,"All ages",10,NA,"55388","B5","G6350","S",97501142,4564910,"+44.9548312","-093.8486652","0-15",18983,"ZCTA5 55388",6098,237,5903,245,5,9,0,13,215,171,496,262,93145,12790,NA,FALSE
"ED visits","2017-2021",55042,"All ages",10.1,NA,"55042","B5","G6350","S",64433449,5547868,"+44.9882997","-092.8924154","0-15",18835,"ZCTA5 55042",11935,251,10858,445,487,331,265,182,764,330,383,318,161618,23558,NA,FALSE
"ED visits","2017-2021",55328,"All ages",10.1,NA,"55328","B5","G6350","S",116263908,2113133,"+45.0334155","-093.8136865","0-15",18930,"ZCTA5 55328",9572,222,9219,308,0,13,20,27,269,235,314,152,95296,11852,NA,FALSE
"ED visits","2017-2021",55346,"All ages",10.4,NA,"55346","B5","G6350","S",17512596,609279,"+44.8786225","-093.4812872","0-15",18948,"ZCTA5 55346",18132,1270,14354,1163,1423,572,1288,572,253,190,451,178,123596,10703,1,TRUE
"ED visits","2017-2021",55065,"All ages",10.8,"Unstable rate due to small case count","55065","B5","G6350","S",84664430,576480,"+44.5507225","-093.0249359","0-15",18851,"ZCTA5 55065",1292,269,1265,269,0,9,4,9,16,11,44,20,101563,9545,NA,FALSE
"ED visits","2017-2021",55384,"All ages",10.9,"Unstable rate due to small case count","55384","B5","G6350","S",914394,653055,"+44.9359256","-093.6301097","0-15",18979,"ZCTA5 55384",1921,276,1630,248,137,157,46,30,0,9,165,112,47117,7723,1,TRUE
"ED visits","2017-2021",55341,"All ages",11,NA,"55341","B5","G6350","S",12563731,369010,"+45.1577552","-093.6627501","0-15",18943,"ZCTA5 55341",3479,213,3396,208,1,2,41,35,13,24,177,113,126184,17821,NA,FALSE
"ED visits","2017-2021",55374,"All ages",11,NA,"55374","B5","G6350","S",88649620,2440097,"+45.1755470","-093.5755317","0-15",18972,"ZCTA5 55374",16249,669,15163,732,183,238,170,159,482,265,309,175,131779,20543,1,TRUE
"ED visits","2017-2021",55446,"All ages",11,NA,"55446","B5","G6350","S",26096041,374820,"+45.0391396","-093.4897008","0-15",19035,"ZCTA5 55446",27079,1522,18361,1149,1185,576,5604,1164,975,405,395,171,151194,11706,NA,FALSE
"ED visits","2017-2021",55120,"All ages",11.1,NA,"55120","B5","G6350","S",14004092,2298645,"+44.8759789","-093.1506487","0-15",18892,"ZCTA5 55120",5230,534,3962,388,48,37,235,259,157,92,170,78,97097,13607,NA,FALSE
"ED visits","2017-2021",55322,"All ages",11.1,"Unstable rate due to small case count","55322","B5","G6350","S",148081164,4857895,"+44.7718856","-093.7871236","0-15",18926,"ZCTA5 55322",3708,325,3392,339,139,120,50,28,123,72,185,109,101607,8621,NA,FALSE
"ED visits","2017-2021",55088,"All ages",11.3,"Unstable rate due to small case count","55088","B5","G6350","S",95169762,231056,"+44.5235865","-093.3834549","0-15",18869,"ZCTA5 55088",1770,259,1702,249,14,22,1,4,18,16,53,31,115833,15487,NA,FALSE
"ED visits","2017-2021",55304,"All ages",11.8,NA,"55304","B5","G6350","S",177716477,6230600,"+45.2455850","-093.2599519","0-15",18908,"ZCTA5 55304",48902,71,44151,762,1059,418,1864,442,1196,427,1330,429,115111,5042,NA,FALSE
"ED visits","2017-2021",55439,"All ages",12,NA,"55439","B5","G6350","S",12201847,320584,"+44.8735508","-093.3730484","0-15",19029,"ZCTA5 55439",9407,672,8042,533,133,130,656,275,222,162,256,121,153843,18125,NA,FALSE
"ED visits","2017-2021",55082,"All ages",12.6,NA,"55082","B5","G6350","S",205156986,14631743,"+45.0744199","-092.8415765","0-15",18865,"ZCTA5 55082",36233,470,32906,700,825,381,411,164,1511,404,1641,490,105207,4457,NA,FALSE
"ED visits","2017-2021",55436,"All ages",12.6,NA,"55436","B5","G6350","S",12147672,423857,"+44.9071730","-093.3750860","0-15",19026,"ZCTA5 55436",14288,828,12995,814,165,107,560,191,343,197,282,114,122500,18822,NA,FALSE
"ED visits","2017-2021",55364,"All ages",12.8,NA,"55364","B5","G6350","S",39301259,13133974,"+44.9393250","-093.6758355","0-15",18963,"ZCTA5 55364",14442,686,13397,769,147,132,193,152,420,361,835,295,103714,16855,1,TRUE
"ED visits","2017-2021",55410,"All ages",13.5,NA,"55410","B5","G6350","S",7950482,1377213,"+44.9133446","-093.3169422","0-15",19000,"ZCTA5 55410",20525,941,18587,952,318,191,616,200,486,201,565,155,135260,8017,1,TRUE
"ED visits","2017-2021",55011,"All ages",13.6,NA,"55011","B5","G6350","S",118812983,4755171,"+45.3444234","-093.2520180","0-15",18811,"ZCTA5 55011",10844,764,10015,740,13,14,455,326,68,43,243,136,115617,3320,NA,FALSE
"ED visits","2017-2021",55447,"All ages",13.6,NA,"55447","B5","G6350","S",23130855,1495255,"+45.0010956","-093.4895611","0-15",19036,"ZCTA5 55447",21775,1005,18176,905,769,209,1605,595,956,348,864,319,113640,12697,NA,FALSE
"ED visits","2017-2021",55043,"All ages",13.6,"Unstable rate due to small case count","55043","B5","G6350","S",9747568,5483230,"+44.9405746","-092.7688514","0-15",18836,"ZCTA5 55043",3562,263,3338,243,0,9,65,55,60,37,146,52,89435,3545,NA,FALSE
"ED visits","2017-2021",55105,"All ages",13.8,NA,"55105","B5","G6350","S",9061102,255593,"+44.9347067","-093.1657510","0-15",18877,"ZCTA5 55105",27396,1227,24217,1044,697,285,1139,340,1087,303,2012,456,100818,7228,1,TRUE
"ED visits","2017-2021",55123,"All ages",13.8,NA,"55123","B5","G6350","S",27879829,2408471,"+44.8023895","-093.1391264","0-15",18895,"ZCTA5 55123",27555,1083,22866,1154,831,356,2780,754,1241,441,766,250,123393,7837,3,TRUE
"ED visits","2017-2021",55311,"All ages",13.8,NA,"55311","B5","G6350","S",42549464,2235258,"+45.1064033","-093.4970293","0-15",18915,"ZCTA5 55311",37908,1421,31274,1698,2432,922,2660,548,496,234,1822,814,135471,6630,1,TRUE
"ED visits","2017-2021",55020,"All ages",13.9,NA,"55020","B5","G6350","S",61664641,573703,"+44.5782649","-093.3743445","0-15",18819,"ZCTA5 55020",4349,446,4162,449,0,9,61,73,86,93,152,102,135375,30605,NA,FALSE
"ED visits","2017-2021",55070,"All ages",14,NA,"55070","B5","G6350","S",66001662,747103,"+45.4062244","-093.3033235","0-15",18855,"ZCTA5 55070",8186,186,7572,292,129,128,41,35,260,256,602,252,89242,5556,1,TRUE
"ED visits","2017-2021",55115,"All ages",14,NA,"55115","B5","G6350","S",15772709,1373870,"+45.0668015","-092.9494580","0-15",18887,"ZCTA5 55115",8889,227,8172,282,236,240,173,120,133,81,307,130,123092,9133,1,TRUE
"ED visits","2017-2021",55345,"All ages",14,NA,"55345","B5","G6350","S",29441277,709736,"+44.9154425","-093.4844300","0-15",18947,"ZCTA5 55345",21528,894,18700,937,678,409,917,374,664,268,889,215,120204,9804,1,TRUE
"ED visits","2017-2021",55360,"All ages",14,NA,"55360","B5","G6350","S",79310659,1027137,"+44.9159598","-093.9196449","0-15",18960,"ZCTA5 55360",3242,145,3045,168,24,18,31,22,99,70,134,59,104365,2815,NA,FALSE
"ED visits","2017-2021",55442,"All ages",14,NA,"55442","B5","G6350","S",13718612,1268824,"+45.0489203","-093.4262115","0-15",19031,"ZCTA5 55442",13349,998,11192,769,395,238,632,333,411,235,430,226,114630,6962,NA,FALSE
"ED visits","2017-2021",55044,"All ages",14.4,NA,"55044","B5","G6350","S",169039797,5103920,"+44.6421460","-093.2764462","0-15",18837,"ZCTA5 55044",59141,1760,49879,1990,2606,904,3094,532,2989,768,2278,728,124899,4002,NA,FALSE
"ED visits","2017-2021",55416,"All ages",14.4,NA,"55416","B5","G6350","S",18999971,927275,"+44.9493731","-093.3409944","0-15",19006,"ZCTA5 55416",34181,1313,28960,1247,1502,531,1222,288,1742,658,1743,495,93875,4131,1,TRUE
"ED visits","2017-2021",55449,"All ages",14.4,NA,"55449","B5","G6350","S",55537126,2183561,"+45.1759781","-093.1841493","0-15",19038,"ZCTA5 55449",30859,1404,24792,1425,1497,573,2328,476,1869,642,990,356,109228,4045,NA,FALSE
"ED visits","2017-2021",55305,"All ages",14.5,NA,"55305","B5","G6350","S",24113842,438328,"+44.9563464","-093.4280924","0-15",18909,"ZCTA5 55305",21687,915,17237,935,1384,508,2235,632,540,283,1132,344,95701,9697,1,TRUE
"ED visits","2017-2021",55127,"All ages",14.6,NA,"55127","B5","G6350","S",34874151,6864741,"+45.0815716","-093.0769281","0-15",18899,"ZCTA5 55127",18406,557,15682,799,443,432,1167,392,1046,448,837,450,108664,12785,1,TRUE
"ED visits","2017-2021",55359,"All ages",14.6,NA,"55359","B5","G6350","S",110660081,8917503,"+45.0073468","-093.6926125","0-15",18959,"ZCTA5 55359",6883,692,6466,656,165,105,38,33,110,57,759,579,118571,30597,1,TRUE
"ED visits","2017-2021",55126,"All ages",14.9,NA,"55126","B5","G6350","S",35509968,6508229,"+45.0829893","-093.1404920","0-15",18898,"ZCTA5 55126",27367,275,22348,796,1179,524,2462,569,954,432,1182,369,101414,6686,1,TRUE
"ED visits","2017-2021",55330,"All ages",15.1,NA,"55330","B5","G6350","S",276145213,10750595,"+45.3322125","-093.5665277","15-30",18932,"ZCTA5 55330",43549,1295,39102,1463,1369,613,604,294,1080,367,1256,413,98676,6621,NA,FALSE
"ED visits","2017-2021",55356,"All ages",15.1,NA,"55356","B5","G6350","S",33801620,3890295,"+44.9958995","-093.5854631","15-30",18956,"ZCTA5 55356",5969,636,5514,638,84,49,121,123,59,36,328,206,158137,15228,1,TRUE
"ED visits","2017-2021",55005,"All ages",15.4,NA,"55005","B5","G6350","S",49073187,2425307,"+45.3961066","-093.2184645","15-30",18806,"ZCTA5 55005",4496,520,4006,482,138,174,21,18,354,251,106,82,99286,12498,1,TRUE
"ED visits","2017-2021",55318,"All ages",15.4,NA,"55318","B5","G6350","S",103402591,4450474,"+44.8107868","-093.6362516","15-30",18922,"ZCTA5 55318",28981,226,25198,616,441,240,901,329,2243,359,1246,343,96502,6109,NA,FALSE
"ED visits","2017-2021",55373,"All ages",15.6,NA,"55373","B5","G6350","S",27665452,2154598,"+45.0882078","-093.7215900","15-30",18971,"ZCTA5 55373",5460,364,5139,386,87,98,79,80,92,120,392,170,84141,15664,NA,FALSE
"ED visits","2017-2021",55397,"All ages",15.8,"Unstable rate due to small case count","55397","B5","G6350","S",73260167,4116072,"+44.8238009","-093.9379639","15-30",18989,"ZCTA5 55397",3221,324,2656,397,206,263,0,9,246,223,156,83,80530,15191,NA,FALSE
"ED visits","2017-2021",55129,"All ages",15.9,NA,"55129","B5","G6350","S",50571982,898798,"+44.8834738","-092.8927678","15-30",18901,"ZCTA5 55129",28685,1202,21154,1173,1427,573,4764,1089,950,337,817,463,136428,9443,1,TRUE
"ED visits","2017-2021",55344,"All ages",15.9,NA,"55344","B5","G6350","S",22946400,1854277,"+44.8638384","-093.4300085","15-30",18946,"ZCTA5 55344",15083,857,8873,812,2154,591,2595,473,1465,613,2112,506,80939,4081,1,TRUE
"ED visits","2017-2021",55363,"All ages",16.3,NA,"55363","B5","G6350","S",72535246,2126812,"+45.0378196","-093.9181405","15-30",18962,"ZCTA5 55363",5465,448,4672,330,96,138,20,25,502,426,673,331,77609,6692,NA,FALSE
"ED visits","2017-2021",55024,"All ages",16.6,NA,"55024","B5","G6350","S",220355521,2923919,"+44.6287257","-093.1355943","15-30",18821,"ZCTA5 55024",36504,1583,32613,1541,807,413,1004,409,1812,680,989,358,107338,3724,NA,FALSE
"ED visits","2017-2021",55125,"All ages",16.6,NA,"55125","B5","G6350","S",39751829,1232421,"+44.9180314","-092.9382772","15-30",18897,"ZCTA5 55125",45329,1196,36711,1144,2155,540,4067,629,2181,473,2303,873,106573,5892,1,TRUE
"ED visits","2017-2021",55375,"All ages",16.6,NA,"55375","B5","G6350","S",13322680,1815604,"+44.8945923","-093.7260379","15-30",18973,"ZCTA5 55375",4355,436,4045,396,81,62,62,50,72,61,83,60,109489,20418,1,TRUE
"ED visits","2017-2021",55367,"All ages",16.8,"Unstable rate due to small case count","55367","B5","G6350","S",49982917,372359,"+44.8952421","-093.9760284","15-30",18965,"ZCTA5 55367",997,102,976,100,1,3,5,5,30,44,22,14,73750,13204,NA,FALSE
"ED visits","2017-2021",55003,"All ages",18.1,NA,"55003","B5","G6350","S",5380519,2881927,"+45.0074757","-092.7790642","15-30",18805,"ZCTA5 55003",3801,28,2829,213,616,165,43,31,174,79,136,65,92292,17829,NA,FALSE
"ED visits","2017-2021",55068,"All ages",18.1,NA,"55068","B5","G6350","S",119050507,5176148,"+44.7354780","-093.0627738","15-30",18853,"ZCTA5 55068",31352,1058,26877,1075,1122,458,1282,362,1052,362,733,331,113598,5182,NA,FALSE
"ED visits","2017-2021",55040,"All ages",18.6,NA,"55040","B5","G6350","S",254005954,7792758,"+45.4685313","-093.2779253","15-30",18833,"ZCTA5 55040",14113,436,13574,470,49,28,44,40,494,268,1581,564,80849,7764,NA,FALSE
"ED visits","2017-2021",55057,"All ages",19,NA,"55057","B5","G6350","S",323055786,7968582,"+44.4726525","-093.1791251","15-30",18848,"ZCTA5 55057",24999,362,21511,580,528,200,922,181,2142,375,1337,293,81097,7026,NA,FALSE
"ED visits","2017-2021",55438,"All ages",19.1,NA,"55438","B5","G6350","S",21482780,1970365,"+44.8231235","-093.3861252","15-30",19028,"ZCTA5 55438",16763,1021,13215,953,1085,502,677,305,818,374,746,319,87737,7290,NA,FALSE
"ED visits","2017-2021",55014,"All ages",19.3,NA,"55014","B5","G6350","S",52486453,7900761,"+45.1683486","-093.1237524","15-30",18814,"ZCTA5 55014",28711,859,25079,1001,932,390,1047,368,710,258,1333,440,92235,3559,NA,FALSE
"ED visits","2017-2021",55077,"All ages",19.5,NA,"55077","B5","G6350","S",47013690,2087681,"+44.8179196","-093.0770350","15-30",18862,"ZCTA5 55077",13697,805,10335,839,908,440,634,240,1737,585,476,228,92808,8706,NA,FALSE
"ED visits","2017-2021",55372,"All ages",19.6,NA,"55372","B5","G6350","S",151521793,11256254,"+44.6823866","-093.4135879","15-30",18970,"ZCTA5 55372",33818,543,30784,781,275,253,1176,313,853,379,674,191,122563,7126,NA,FALSE
"ED visits","2017-2021",55016,"All ages",20.1,NA,"55016","B5","G6350","S",77969076,9975908,"+44.8167351","-092.9337298","15-30",18815,"ZCTA5 55016",38162,303,31472,884,1924,561,2604,573,1642,425,1199,459,108159,5348,NA,FALSE
"ED visits","2017-2021",56071,"All ages",20.1,NA,"56071","B5","G6350","S",222551073,6611143,"+44.5349785","-093.5794409","15-30",19257,"ZCTA5 56071",13104,338,12550,416,5,7,153,113,334,216,537,198,99545,5724,NA,FALSE
"ED visits","2017-2021",55110,"All ages",20.3,NA,"55110","B5","G6350","S",64048766,19164319,"+45.0899368","-093.0040457","15-30",18882,"ZCTA5 55110",38838,511,34771,812,770,268,1023,407,2101,558,1809,491,89965,4628,1,TRUE
"ED visits","2017-2021",55316,"All ages",20.3,NA,"55316","B5","G6350","S",21111155,1441706,"+45.1729324","-093.3868294","15-30",18920,"ZCTA5 55316",23877,27,19817,1056,2212,996,756,265,366,202,1622,621,104200,10100,1,TRUE
"ED visits","2017-2021",55378,"All ages",20.3,NA,"55378","B5","G6350","S",37096173,1977581,"+44.7590570","-093.3642133","15-30",18975,"ZCTA5 55378",31701,161,24335,821,2737,592,2656,470,1530,390,1824,517,115456,7011,NA,FALSE
"ED visits","2017-2021",56011,"All ages",20.3,NA,"56011","B5","G6350","S",264851579,4318394,"+44.6024606","-093.7726193","15-30",19211,"ZCTA5 56011",9488,228,8866,364,254,198,30,37,234,208,216,95,91661,9070,NA,FALSE
"ED visits","2017-2021",55013,"All ages",20.6,NA,"55013","B5","G6350","S",71553292,16239323,"+45.3517564","-092.8874998","15-30",18813,"ZCTA5 55013",6828,417,6317,449,2,4,135,86,80,83,332,155,91500,11335,NA,FALSE
"ED visits","2017-2021",55437,"All ages",21,NA,"55437","B5","G6350","S",17447703,1168950,"+44.8241171","-093.3422250","15-30",19027,"ZCTA5 55437",19051,1075,15334,1075,1667,587,1066,410,797,499,824,272,88186,4388,NA,FALSE
"ED visits","2017-2021",55116,"All ages",21.5,NA,"55116","B5","G6350","S",14323785,1282690,"+44.9107187","-093.1695814","15-30",18888,"ZCTA5 55116",26533,1327,19486,1075,3814,891,1058,424,985,361,2464,742,70036,7032,1,TRUE
"ED visits","2017-2021",55369,"All ages",21.5,NA,"55369","B5","G6350","S",64110180,4626525,"+45.1273655","-093.4492002","15-30",18967,"ZCTA5 55369",37592,1541,31008,1419,2344,720,1654,379,2137,545,1562,679,101162,4323,1,TRUE
"ED visits","2017-2021",55338,"All ages",21.8,"Unstable rate due to small case count","55338","B5","G6350","S",105601652,3942131,"+44.6747884","-094.0006690","15-30",18940,"ZCTA5 55338",1106,148,1041,149,15,11,2,3,54,40,40,20,70417,12770,NA,FALSE
"ED visits","2017-2021",55124,"All ages",22.6,NA,"55124","B5","G6350","S",43678473,1757901,"+44.7453010","-093.1994128","15-30",18896,"ZCTA5 55124",55237,92,40872,1288,5466,956,3295,561,3889,959,2582,663,91936,2909,1,TRUE
"ED visits","2017-2021",55434,"All ages",22.6,NA,"55434","B5","G6350","S",23109337,593884,"+45.1636720","-093.2504454","15-30",19024,"ZCTA5 55434",33096,1419,23994,1227,3613,1147,2976,674,1641,526,2347,570,79855,6102,NA,FALSE
"ED visits","2017-2021",55112,"All ages",23,NA,"55112","B5","G6350","S",45229615,4228276,"+45.0805144","-093.1920604","15-30",18884,"ZCTA5 55112",46403,83,34403,1185,4616,889,3092,630,3164,632,4401,972,82197,4108,1,TRUE
"ED visits","2017-2021",55122,"All ages",23,NA,"55122","B5","G6350","S",27885242,1215508,"+44.8009722","-093.1954453","15-30",18894,"ZCTA5 55122",32019,1124,22728,998,4283,767,2988,592,1645,437,2347,706,83602,5362,1,TRUE
"ED visits","2017-2021",55448,"All ages",24.5,NA,"55448","B5","G6350","S",28040093,439596,"+45.1936028","-093.3004455","15-30",19037,"ZCTA5 55448",29029,1170,22858,1121,2954,610,1414,391,1134,507,1565,440,84572,3690,NA,FALSE
"ED visits","2017-2021",55071,"All ages",24.6,NA,"55071","B5","G6350","S",12945288,2833652,"+44.8213620","-092.9983800","15-30",18856,"ZCTA5 55071",5739,90,4474,384,143,207,342,149,816,441,243,159,85222,7702,NA,FALSE
"ED visits","2017-2021",55108,"All ages",24.6,NA,"55108","B5","G6350","S",10351263,51998,"+44.9823216","-093.1746569","15-30",18880,"ZCTA5 55108",15334,1075,12094,920,855,339,1478,304,749,311,1558,428,78708,5452,1,TRUE
"ED visits","2017-2021",55085,"All ages",25,"Unstable rate due to small case count","55085","B5","G6350","S",2381905,20375,"+44.6696915","-092.9634257","15-30",18867,"ZCTA5 55085",450,80,440,81,0,9,4,8,11,16,23,15,89167,16634,NA,FALSE
"ED visits","2017-2021",55303,"All ages",25.3,NA,"55303","B5","G6350","S",166699538,6750488,"+45.2884119","-093.4315290","15-30",18907,"ZCTA5 55303",51398,559,44513,1058,2984,702,1172,334,1673,544,2657,482,92205,4552,1,TRUE
"ED visits","2017-2021",55395,"All ages",25.6,NA,"55395","B5","G6350","S",61930169,2703432,"+44.9577970","-094.0634075","15-30",18987,"ZCTA5 55395",2555,285,2465,286,11,17,7,10,152,154,300,140,63603,13778,NA,FALSE
"ED visits","2017-2021",55025,"All ages",26.3,NA,"55025","B5","G6350","S",199572638,20949322,"+45.2603519","-093.0165287","15-30",18822,"ZCTA5 55025",25428,597,22402,788,613,448,801,465,1033,383,1093,307,92675,6299,NA,FALSE
"ED visits","2017-2021",55431,"All ages",26.5,NA,"55431","B5","G6350","S",20267417,582805,"+44.8245343","-093.3126020","15-30",19021,"ZCTA5 55431",19501,1196,15430,1004,899,354,1164,383,897,286,881,251,96486,4807,1,TRUE
"ED visits","2017-2021",55113,"All ages",26.8,NA,"55113","B5","G6350","S",38448498,2169985,"+45.0121956","-093.1511859","15-30",18885,"ZCTA5 55113",41798,492,31369,903,2936,453,3587,729,1954,427,3038,593,78262,4529,1,TRUE
"ED visits","2017-2021",55435,"All ages",26.8,NA,"55435","B5","G6350","S",7701144,352687,"+44.8739807","-093.3352547","15-30",19025,"ZCTA5 55435",13753,930,10581,793,770,326,1500,432,868,566,1408,565,68511,7703,NA,FALSE
"ED visits","2017-2021",55441,"All ages",27.6,NA,"55441","B5","G6350","S",22222945,4029020,"+45.0084251","-093.4307178","15-30",19030,"ZCTA5 55441",18242,1102,14056,961,1643,553,831,315,1393,730,1362,709,90456,9270,NA,FALSE
"ED visits","2017-2021",55426,"All ages",28.5,NA,"55426","B5","G6350","S",17153633,498441,"+44.9565663","-093.3816539","15-30",19016,"ZCTA5 55426",25711,891,20171,982,1710,437,1699,552,1160,353,1828,529,84911,4320,1,TRUE
"ED visits","2017-2021",55092,"All ages",28.6,NA,"55092","B5","G6350","S",87089386,10065868,"+45.3340536","-093.0998842","15-30",18872,"ZCTA5 55092",11195,827,10923,845,35,53,63,275,51,46,513,303,86648,6030,1,TRUE
"ED visits","2017-2021",NA,"All ages",29,NA,NA,NA,NA,NA,NA,NA,NA,NA,"15-30",NA,NA,NA,NA,NA,NA,NA,NA,NA,NA,NA,NA,NA,NA,NA,NA,NA,FALSE
"ED visits","2017-2021",55417,"All ages",29.1,NA,"55417","B5","G6350","S",11442934,1031370,"+44.9061170","-093.2353872","15-30",19007,"ZCTA5 55417",25610,1388,21653,1342,1395,420,435,179,1267,429,1529,412,107586,4860,NA,FALSE
"ED visits","2017-2021",55425,"All ages",29.5,NA,"55425","B5","G6350","S",11750179,5619257,"+44.8511691","-093.2260805","15-30",19015,"ZCTA5 55425",11002,1122,5187,637,2051,846,829,341,2955,783,1310,412,64205,5848,NA,FALSE
"ED visits","2017-2021",55128,"All ages",30.1,NA,"55128","B5","G6350","S",29083564,1015612,"+44.9875455","-092.9635530","30-45",18900,"ZCTA5 55128",28766,231,19648,908,3628,718,3106,560,1519,409,1802,457,77327,5847,1,TRUE
"ED visits","2017-2021",55368,"All ages",30.5,NA,"55368","B5","G6350","S",88511777,2200285,"+44.7400632","-093.8997466","30-45",18966,"ZCTA5 55368",1829,322,1783,305,6,23,3,4,10,15,93,84,74907,7617,NA,FALSE
"ED visits","2017-2021",55343,"All ages",31.1,NA,"55343","B5","G6350","S",19933188,674019,"+44.9143724","-093.4162539","30-45",18945,"ZCTA5 55343",26472,827,18176,1038,4659,936,1732,517,1657,651,2467,652,71659,4572,1,TRUE
"ED visits","2017-2021",55445,"All ages",31.1,NA,"55445","B5","G6350","S",20312288,96468,"+45.1224406","-093.3791842","30-45",19034,"ZCTA5 55445",13330,1110,6138,690,2331,557,3499,571,746,287,744,418,92478,10801,NA,FALSE
"ED visits","2017-2021",55306,"All ages",31.3,NA,"55306","B5","G6350","S",16109372,1987017,"+44.7309442","-093.2913805","30-45",18910,"ZCTA5 55306",16116,875,11883,966,1963,713,845,322,2075,529,1127,388,81818,6940,NA,FALSE
"ED visits","2017-2021",55423,"All ages",31.5,NA,"55423","B5","G6350","S",18299718,406685,"+44.8771926","-093.2813594","30-45",19013,"ZCTA5 55423",36986,80,23596,1100,4351,769,2025,408,7188,998,2659,483,74415,2882,1,TRUE
"ED visits","2017-2021",55033,"All ages",31.6,NA,"55033","B5","G6350","S",373619220,23007871,"+44.7110071","-092.8586620","30-45",18829,"ZCTA5 55033",29474,486,27444,638,278,157,164,156,1087,429,1405,382,91376,3230,NA,FALSE
"ED visits","2017-2021",55079,"All ages",31.6,NA,"55079","B5","G6350","S",164838086,9030287,"+45.4194671","-093.0353928","30-45",18863,"ZCTA5 55079",8837,553,8013,574,44,61,141,99,286,137,461,163,94439,4421,1,TRUE
"ED visits","2017-2021",NA,"All ages",32,NA,NA,NA,NA,NA,NA,NA,NA,NA,"30-45",NA,NA,NA,NA,NA,NA,NA,NA,NA,NA,NA,NA,NA,NA,NA,NA,NA,FALSE
"ED visits","2017-2021",55420,"All ages",32.3,NA,"55420","B5","G6350","S",17246840,238737,"+44.8359691","-093.2771760","30-45",19010,"ZCTA5 55420",23119,1429,14020,1043,3431,912,1641,461,2820,840,3417,1070,66370,7188,NA,FALSE
"ED visits","2017-2021",55427,"All ages",32.3,NA,"55427","B5","G6350","S",18751552,190749,"+45.0045948","-093.3813510","30-45",19017,"ZCTA5 55427",25581,1238,19570,1041,3040,735,1021,403,1459,419,1765,480,85042,9150,1,TRUE
"ED visits","2017-2021",55076,"All ages",32.7,NA,"55076","B5","G6350","S",25696795,4123072,"+44.8328664","-093.0332436","30-45",18861,"ZCTA5 55076",21943,795,18423,996,744,321,719,315,2653,677,1538,531,86862,6392,NA,FALSE
"ED visits","2017-2021",55379,"All ages",32.7,NA,"55379","B5","G6350","S",149894268,6032735,"+44.7434421","-093.5100297","30-45",18976,"ZCTA5 55379",47662,427,33071,1238,3726,642,4925,699,4403,561,2708,789,95602,4732,NA,FALSE
"ED visits","2017-2021",55352,"All ages",33.8,NA,"55352","B5","G6350","S",175101615,4237698,"+44.6514753","-093.5926085","30-45",18952,"ZCTA5 55352",10210,445,9518,563,47,91,105,112,792,492,1040,568,103681,15241,NA,FALSE
"ED visits","2017-2021",55433,"All ages",34.3,NA,"55433","B5","G6350","S",30137919,1459844,"+45.1604112","-093.3148393","30-45",19023,"ZCTA5 55433",34240,1166,27243,1075,2658,546,2036,775,1269,467,2351,430,72999,5777,1,TRUE
"ED visits","2017-2021",55419,"All ages",35.3,NA,"55419","B5","G6350","S",10873596,291556,"+44.9057987","-093.2876534","30-45",19009,"ZCTA5 55419",29051,1502,23944,1417,3078,788,438,173,1211,410,1882,457,119639,8291,1,TRUE
"ED visits","2017-2021",55337,"All ages",35.7,NA,"55337","B5","G6350","S",48476178,3300729,"+44.7784720","-093.2722690","30-45",18939,"ZCTA5 55337",47810,865,32123,1461,6978,834,3203,647,4336,877,3257,488,77416,5835,NA,FALSE
"ED visits","2017-2021",55009,"All ages",35.8,NA,"55009","B5","G6350","S",317268123,6549390,"+44.4805638","-092.8710848","30-45",18810,"ZCTA5 55009",8060,254,7652,271,12,18,45,31,174,83,547,217,78697,5817,NA,FALSE
"ED visits","2017-2021",55055,"All ages",36.1,NA,"55055","B5","G6350","S",9383596,638729,"+44.8743985","-092.9986467","30-45",18846,"ZCTA5 55055",3951,19,3069,372,289,172,260,206,444,244,308,124,58455,7747,NA,FALSE
"ED visits","2017-2021",55418,"All ages",36.5,NA,"55418","B5","G6350","S",18099683,357297,"+45.0213178","-093.2428530","30-45",19008,"ZCTA5 55418",31136,1272,23543,1252,2777,627,1024,351,2636,655,3160,564,80600,6177,1,TRUE
"ED visits","2017-2021",55444,"All ages",36.7,NA,"55444","B5","G6350","S",11986917,746336,"+45.1076821","-093.3032051","30-45",19033,"ZCTA5 55444",17627,1347,6961,913,4320,1034,4381,650,1230,470,548,342,93759,7255,NA,FALSE
"ED visits","2017-2021",55118,"All ages",37.3,NA,"55118","B5","G6350","S",27109068,1708247,"+44.8943150","-093.1009469","30-45",18890,"ZCTA5 55118",28774,706,23313,1006,898,285,689,306,4560,622,2894,635,72938,6803,1,TRUE
"ED visits","2017-2021",55443,"All ages",37.5,NA,"55443","B5","G6350","S",23452327,307334,"+45.1194511","-093.3389687","30-45",19032,"ZCTA5 55443",33120,1801,14441,1140,10458,1290,6104,983,755,282,2942,1066,82290,8245,1,TRUE
"ED visits","2017-2021",55121,"All ages",37.8,NA,"55121","B5","G6350","S",24893873,2256833,"+44.8458770","-093.1588993","30-45",18893,"ZCTA5 55121",8590,530,5579,553,1715,472,763,230,333,187,808,262,69932,10998,3,TRUE
"ED visits","2017-2021",55422,"All ages",39,NA,"55422","B5","G6350","S",21966805,1210973,"+45.0092748","-093.3411048","30-45",19012,"ZCTA5 55422",28953,1036,21237,876,4289,989,1036,387,1650,511,2370,434,80400,4372,1,TRUE
"ED visits","2017-2021",55075,"All ages",40.7,NA,"55075","B5","G6350","S",14477844,1160340,"+44.8879902","-093.0417306","30-45",18860,"ZCTA5 55075",20610,115,15847,791,802,383,509,202,3121,570,2155,495,71283,4875,NA,FALSE
"ED visits","2017-2021",55406,"All ages",41.2,NA,"55406","B5","G6350","S",12963153,790050,"+44.9386895","-093.2210422","30-45",18996,"ZCTA5 55406",35997,1444,25887,1033,5077,936,1038,262,2857,733,3971,762,77888,4922,1,TRUE
"ED visits","2017-2021",55413,"All ages",41.6,NA,"55413","B5","G6350","S",8125126,281396,"+44.9978141","-093.2435457","30-45",19003,"ZCTA5 55413",14299,918,10288,644,1777,593,529,181,1379,494,1717,449,72354,6438,4,TRUE
"ED visits","2017-2021",55432,"All ages",45.6,NA,"55432","B5","G6350","S",25583471,1574043,"+45.0967016","-093.2537258","45-60",19022,"ZCTA5 55432",32529,626,21050,1017,5188,702,2281,608,3691,939,3556,822,68480,3269,NA,FALSE
"ED visits","2017-2021",55119,"All ages",46,NA,"55119","B5","G6350","S",34202126,4286932,"+44.9398082","-093.0062542","45-60",18891,"ZCTA5 55119",44430,2204,22630,1581,9406,1641,7937,760,5492,944,6213,1481,66772,4735,1,TRUE
"ED visits","2017-2021",55409,"All ages",46.2,NA,"55409","B5","G6350","S",3388318,0,"+44.9301783","-093.2814587","45-60",18999,"ZCTA5 55409",11262,874,8218,595,1015,454,241,164,1266,404,802,225,86061,6890,1,TRUE
"ED visits","2017-2021",55421,"All ages",47.6,NA,"55421","B5","G6350","S",16243658,1092072,"+45.0505741","-093.2499371","45-60",19011,"ZCTA5 55421",30249,619,18151,986,6417,945,1806,432,3656,703,3234,622,67955,5148,NA,FALSE
"ED visits","2017-2021",55109,"All ages",48.6,NA,"55109","B5","G6350","S",30260417,1961857,"+45.0166335","-093.0267159","45-60",18881,"ZCTA5 55109",34575,1209,20898,1048,3059,785,7132,1190,2544,654,3035,689,70222,5391,1,TRUE
"ED visits","2017-2021",55339,"All ages",49.6,"Unstable rate due to small case count","55339","B5","G6350","S",59247378,687976,"+44.7234284","-093.9569596","45-60",18941,"ZCTA5 55339",959,141,930,134,0,9,3,6,31,36,36,26,83125,25151,NA,FALSE
"ED visits","2017-2021",55401,"All ages",50.6,"Unstable rate due to small case count","55401","B5","G6350","S",2049358,298625,"+44.9853670","-093.2702080","45-60",18991,"ZCTA5 55401",10957,967,8494,768,587,261,1182,397,805,359,730,249,106756,10324,3,TRUE
"ED visits","2017-2021",55428,"All ages",50.8,NA,"55428","B5","G6350","S",20994372,142911,"+45.0640388","-093.3835093","45-60",19018,"ZCTA5 55428",33035,1730,18922,1029,8998,1586,2097,523,2191,684,3962,889,61980,7527,1,TRUE
"ED visits","2017-2021",55031,"All ages",53.7,NA,"55031","B5","G6350","S",105300087,110054,"+44.6125174","-092.9621634","45-60",18827,"ZCTA5 55031",1748,178,1663,174,21,21,9,9,43,30,91,35,99028,10074,NA,FALSE
"ED visits","2017-2021",55405,"All ages",56.3,NA,"55405","B5","G6350","S",7338687,510254,"+44.9726735","-093.3018780","45-60",18995,"ZCTA5 55405",16523,1593,10703,991,3545,1044,787,313,722,299,2633,644,64504,8241,1,TRUE
"ED visits","2017-2021",55117,"All ages",57.7,NA,"55117","B5","G6350","S",23715560,1613621,"+45.0035616","-093.0912803","45-60",18889,"ZCTA5 55117",46743,2070,22609,1495,8346,1189,11632,1566,3625,875,8985,1411,62558,4940,1,TRUE
"ED visits","2017-2021",55429,"All ages",57.7,NA,"55429","B5","G6350","S",15581780,779312,"+45.0636588","-093.3411754","45-60",19019,"ZCTA5 55429",29071,1513,11130,826,10066,1275,4659,675,2953,902,2999,581,59120,4645,NA,FALSE
"ED visits","2017-2021",55104,"All ages",60.2,NA,"55104","B5","G6350","S",15629830,310869,"+44.9538936","-093.1644464","60+",18876,"ZCTA5 55104",44643,1750,28956,1186,7603,1055,3610,797,2363,517,6920,990,65905,4331,1,TRUE
"ED visits","2017-2021",55106,"All ages",61.8,NA,"55106","B5","G6350","S",24400540,2642503,"+44.9572358","-093.0471292","60+",18878,"ZCTA5 55106",59197,2272,20055,1158,9353,1341,22408,1883,6219,865,12213,1756,56634,2619,1,TRUE
"ED visits","2017-2021",55430,"All ages",65.2,NA,"55430","B5","G6350","S",15213584,535137,"+45.0631523","-093.2992464","60+",19020,"ZCTA5 55430",23191,1340,9000,871,7061,1040,3358,754,3408,847,2977,783,66038,6123,NA,FALSE
"ED visits","2017-2021",55407,"All ages",66.7,NA,"55407","B5","G6350","S",10397074,261156,"+44.9350355","-093.2530287","60+",18997,"ZCTA5 55407",38921,2247,22002,1239,7262,1405,745,262,8644,1418,6353,1648,70125,3555,1,TRUE
"ED visits","2017-2021",55414,"All ages",69.5,NA,"55414","B5","G6350","S",8089837,375523,"+44.9783814","-093.2224486","60+",19004,"ZCTA5 55414",31788,1399,22812,1209,1758,351,4229,548,1817,377,12544,1013,43001,4315,3,TRUE
"ED visits","2017-2021",55408,"All ages",74.2,NA,"55408","B5","G6350","S",6959022,1731388,"+44.9438153","-093.2938666","60+",18998,"ZCTA5 55408",31613,1403,20546,1156,5086,919,1009,272,4840,773,4700,796,64911,3997,1,TRUE
"ED visits","2017-2021",55089,"All ages",75.7,NA,"55089","B5","G6350","S",173830329,23870574,"+44.5932503","-092.7090644","60+",18870,"ZCTA5 55089",1607,219,1290,161,11,15,29,21,34,32,165,74,89813,12898,NA,FALSE
"ED visits","2017-2021",55102,"All ages",77.2,NA,"55102","B5","G6350","S",8502880,680860,"+44.9319008","-093.1212908","60+",18874,"ZCTA5 55102",18956,1067,15661,861,1646,565,427,138,1373,374,2031,346,64270,4041,2,TRUE
"ED visits","2017-2021",55130,"All ages",77.5,NA,"55130","B5","G6350","S",5229228,2758,"+44.9733023","-093.0824096","60+",18902,"ZCTA5 55130",19606,1541,5123,868,4236,766,8277,1319,2306,628,6041,1360,45840,4890,1,TRUE
"ED visits","2017-2021",55107,"All ages",83.2,NA,"55107","B5","G6350","S",10641789,1398188,"+44.9310700","-093.0791720","60+",18879,"ZCTA5 55107",14376,1012,7745,823,2187,547,977,336,3945,678,2674,746,59819,7080,2,TRUE
"ED visits","2017-2021",55403,"All ages",92.9,NA,"55403","B5","G6350","S",3519265,40504,"+44.9699231","-093.2842531","60+",18993,"ZCTA5 55403",16349,920,12344,859,2054,459,631,190,1138,371,2261,422,55520,6443,1,TRUE
"ED visits","2017-2021",55103,"All ages",95,NA,"55103","B5","G6350","S",5111535,287953,"+44.9642576","-093.1226267","60+",18875,"ZCTA5 55103",14187,1044,5004,576,4044,715,3345,359,1668,718,3655,575,41101,1582,1,TRUE
"ED visits","2017-2021",55412,"All ages",110.8,NA,"55412","B5","G6350","S",8822789,249357,"+45.0273244","-093.3036116","60+",19002,"ZCTA5 55412",25497,1588,9854,872,8701,1214,2916,946,2980,879,3984,872,54594,2530,1,TRUE
"ED visits","2017-2021",55404,"All ages",125,NA,"55404","B5","G6350","S",4676664,0,"+44.9619133","-093.2613491","60+",18994,"ZCTA5 55404",28413,2058,11404,892,10163,1745,1006,271,4473,942,8247,1275,37029,3047,3,TRUE
"ED visits","2017-2021",55454,"All ages",128.8,NA,"55454","B5","G6350","S",1541577,165838,"+44.9733464","-093.2437082","60+",19040,"ZCTA5 55454",8739,1063,2072,400,5354,1056,746,232,165,92,3678,1244,23634,8794,2,TRUE
"ED visits","2017-2021",55114,"All ages",137.6,"Unstable rate due to small case count","55114","B5","G6350","S",3435451,77979,"+44.9666903","-093.1950724","60+",18886,"ZCTA5 55114",3124,359,2223,304,357,191,377,153,172,100,676,186,63651,9725,1,TRUE
"ED visits","2017-2021",55415,"All ages",142.5,NA,"55415","B5","G6350","S",1134739,0,"+44.9746435","-093.2578155","60+",19005,"ZCTA5 55415",5722,664,3762,528,1063,247,345,175,166,96,654,207,118079,24751,3,TRUE
"ED visits","2017-2021",55411,"All ages",157.5,NA,"55411","B5","G6350","S",10432057,158601,"+44.9997520","-093.2979798","60+",19001,"ZCTA5 55411",31397,1526,6813,798,15488,1398,3814,655,3539,655,9585,1063,44096,5146,2,TRUE
"ED visits","2017-2021",55402,"All ages",201.5,"Unstable rate due to small case count","55402","B5","G6350","S",436711,0,"+44.9760689","-093.2711606","60+",18992,"ZCTA5 55402",590,151,357,124,105,66,72,40,53,52,170,90,61360,9143,2,TRUE
"ED visits","2017-2021",55101,"All ages",241.4,"Unstable rate due to small case count","55101","B5","G6350","S",2014852,91192,"+44.9507644","-093.0875715","60+",18873,"ZCTA5 55101",7606,647,5323,495,615,215,960,503,228,109,1130,346,66292,8241,1,TRUE
"ED visits","2017-2021",55090,"All ages",NA,"*Data suppressed due to small population","55090","B5","G6350","S",294567,13525,"+45.0537310","-092.9579871",NA,18871,"ZCTA5 55090",384,143,375,141,9,16,0,9,29,45,23,28,60962,19575,NA,FALSE
"ED visits","2017-2021",55111,"All ages",NA,"*Data suppressed due to small population","55111","B5","G6350","S",5936037,804222,"+44.8900943","-093.1901635",NA,18883,"ZCTA5 55111",95,85,87,85,8,9,0,9,0,9,9,9,NA,NA,1,TRUE
"ED visits","2017-2021",55150,"All ages",NA,"*Data suppressed due to small population","55150","B5","G6350","S",778860,69327,"+44.8874112","-093.1610074",NA,18903,"ZCTA5 55150",137,40,129,37,2,4,1,2,2,3,12,9,83750,35528,1,TRUE
"ED visits","2017-2021",55450,"All ages",NA,"*Data suppressed due to small population","55450","B5","G6350","S",12062321,139461,"+44.8720843","-093.2289933",NA,19039,"ZCTA5 55450",6,10,6,10,0,9,0,9,0,9,0,9,NA,NA,1,TRUE
